"Name","Phone","Address"

"Singh Transport Service","+ 91  183 6530233",""
"Radhika Freight Carrier","+ 91  183 6545219",""
"Shiv Barfani Road Line","+ 91  183 2585041",""
"Shiv Om Packers And Movers","+ 91  9780932838",""
"Shree Ganesh Transport","+ 91  7071315914",""
"Vinayak Transport Company","+ 91  9794073598",""
"Riya Transport Company","+ 91  9169121737",""
"Maa Kali Packers & Movers","+ 91  8948789487",""
"S R Transport","+ 91  7754808024",""
"South India Transport","+ 91  8933977155",""
"Satyam Transport","+ 91  9559730706",""
"Chankaya Cargo Movers","+ 91  8791607484",""
"Shiv Packers & Movers","+ 91  9415795775",""
"Return Trucks","+ 91  8019017919",""
"Best India Road Transport","+ 91  9552649778",""
"State Cargo Packers And Tra...","+ 91  9569531895",""
"Raj International Packers A...","+ 91  80 41283582",""
"Safe & Fast Logistics Packe...","+ 91  181 4609105",""
"Basra Transport Packer & Mover","+ 91  8699959111",""
"Jai Chandra Packers & Movers","+ 91  8171701790",""
"Xpress India","+ 91  9136892388",""
"Royal India Logistiics Xpres","+ 91  422 4367841",""
"Xpress India","+ 91  11 33077378",""
"Reliable Cargo Packers And ...","+ 91  7104 690330",""
"Janta Transport Corporation","+ 91  161 4626173",""
"Shivam Logistics","+ 91  9023051340",""
"Mohan Packers and Movers","+ 91  9827156722",""
"Globe Q.T.S. Transport Company","+ 91  1493 220347",""
"Regular Logistics","+ 91  9555573338",""
"Delhi Gorakhpur Transport","+ 91  512 2640071",""
"New Sona Road Lines","+ 91  731 3383596",""
"National Trailor Movers","+ 91  657 2360124",""
"Quilon Transport","+ 91  4257 222150",""
"New Mahaveer Transport Company","+ 91  7879545454",""
"Deep Transport Co","+ 91  591 2310771",""
"Shubham Roadlines","+ 91  9422974000",""
"Marandi Transporters","+ 91  9701193746",""
"Transport Nagar","401561",""
"Kanpur Bareilly Forwarding ...","+ 91  9837111133",""
"Golden Cargo Movers","+ 91  9302121786",""
"Global Packers & Movers","+ 91  9827193084",""
"Malik Transport Company","+ 91  9416061327",""
"Nagpur Bombay Carriers","+ 91  9039003115",""
"Ballu Roadways","+ 91  9993599900",""
"Redbox Courier & Cargo Pvt Ltd","+ 91  8658422171",""
"Shri Krishna Packers And Mo...","+ 91  751 4081432",""
"Randhawa Freight Carriers","+ 91  183 5059981",""
"Radhika Packing & Mover","+ 91  183 6545219",""
"Dinesh Roadways Packer And Mover","+ 91  9780881517",""
"U G Logistics","+ 91  9219000400",""
"Kalgidhar Mini Transport","+ 91  183 2702123",""
"New Surya Transport Co","+ 91  9915007974",""
"Kumar Roadlines","+ 91  9328386783",""
"Globe Transport Service (Punjab)","+ 91  9356655787",""
"New United Freight Carrier","+ 91  9356009931",""
"Harman Freight Carrier","+ 91  9872489153",""
"Ram Goods Transport Company","+ 91  183 5067425",""
